Pokemon,Level,Ability,Item,Moves,WinRate,Type1,Type2,Speed,HP,Attack,Defense,SpAtk,SpDef
Abomasnow,82,SnowWarning,AssaultVest/LightClay,AuroraVeil/Blizzard/Earthquake/IceShard/WoodHammer,49.42145,Grass,Ice,60,90,92,75,92,85
Absol,84,Justified,ChoiceBand/FocusSash/LifeOrb,CloseCombat/KnockOff/PlayRough/SuckerPunch/SwordsDance,50.217503,Dark,,75,65,130,60,75,60
Accelgor,86,StickyHold,ChoiceSpecs/FocusSash/HeavyDutyBoots/Leftovers/LifeOrb,BugBuzz/EnergyBall/FocusBlast/SludgeBomb/Spikes/Toxic/Yawn,47.218483,Bug,,145,80,70,40,100,60
Aegislash,80,StanceChange,ChoiceBand/Leftovers/LifeOrb,"CloseCombat/FlashCannon/IronHead/""KingsShield""/ShadowBall/ShadowClaw/ShadowSneak/Substitute/SwordsDance/Toxic",51.947903,Steel,Ghost,60,60,50,140,50,140
Aerodactyl,82,Unnerve,ChoiceBand/HeavyDutyBoots/LifeOrb,AquaTail/DualWingbeat/Earthquake/HoneClaws/StoneEdge,52.189644,Rock,Flying,130,80,105,65,60,75
Aggron,85,RockHead,AirBalloon/ChoiceBand,BodyPress/Earthquake/HeadSmash/HeavySlam/RockPolish/StealthRock,47.98329,Steel,Rock,50,70,110,180,60,60
Alakazam,78,MagicGuard,FocusSash/LifeOrb,Counter/FocusBlast/NastyPlot/Psychic/ShadowBall,50.1299,Psychic,,120,55,50,45,135,95
Alcremie,86,AromaVeil/SweetVeil,Leftovers,CalmMind/DazzlingGleam/MysticalFire/Psychic/Recover,48.534904,Fairy,,64,65,60,75,110,121
Altaria,90,NaturalCure,HeavyDutyBoots/Leftovers/LifeOrb,Defog/DracoMeteor/Earthquake/FireBlast/Roost/Toxic,49.225636,Dragon,Flying,80,75,70,90,70,105
Amoonguss,84,Regenerator,BlackSludge,ClearSmog/GigaDrain/SludgeBomb/Spore/Synthesis/Toxic,51.111115,Grass,Poison,30,114,85,70,85,80
Appletun,90,ThickFat,Leftovers,AppleAcid/DracoMeteor/DragonPulse/LeechSeed/Recover/,48.15651,Grass,Dragon,30,110,85,80,100,80
Araquanid,80,WaterBubble,HeavyDutyBoots/Leftovers,LeechLife/Liquidation/MirrorCoat/StickyWeb/Toxic,49.160095,Water,Bug,42,68,70,92,50,132
Arcanine,82,FlashFire/Intimidate,ChoiceBand/HeavyDutyBoots/Leftovers/LifeOrb,CloseCombat/ExtremeSpeed/FlareBlitz/MorningSun/Toxic/WildCharge/WillOWisp,49.453236,Fire,,95,90,110,80,100,80
Archeops,82,Defeatist,ChoiceBand/HeavyDutyBoots,DualWingbeat/Earthquake/Roost/StoneEdge/Uturn,49.830784,Rock,Flying,110,75,140,65,112,65
Arctovish,86,SlushRush/WaterAbsorb,AssaultVest/ChoiceBand,BodySlam/FishiousRend/FreezeDry/IcicleCrash/PsychicFangs,48.71027,Water,Ice,55,90,90,100,80,90
Arctozolt,86,SlushRush/VoltAbsorb,AssaultVest/HeavyDutyBoots/LifeOrb,BoltBeak/FreezeDry/IcicleCrash/StompingTantrum/ThunderWave,48.821587,Electric,Ice,55,90,100,90,90,80
Armaldo,86,SwiftSwim,ChoiceBand/HeavyDutyBoots/LifeOrb,Earthquake/KnockOff/Liquidation/RapidSpin/StealthRock/StoneEdge/SwordsDance,48.251747,Rock,Bug,45,75,125,100,70,80
Aromatisse,88,AromaVeil,Leftovers,CalmMind/Moonblast/Protect/Toxic/Wish,48.52411,Fairy,,29,101,72,72,99,89
Articuno,84,Pressure,HeavyDutyBoots,Defog/FreezeDry/HealBell/Roost/Toxic,48.61891,Ice,Flying,85,90,85,100,95,125
ArticunoGalar,80,Competitive,HeavyDutyBoots/Leftovers,AirSlash/CalmMind/FreezingGlare/Recover,49.686344,Psychic,Flying,95,90,85,85,125,100
Audino,91,Regenerator,Leftovers,HealBell/KnockOff/Protect/Toxic/Wish,49.234547,Normal,,50,103,60,86,60,86
Aurorus,84,SnowWarning,ChoiceSpecs/HeavyDutyBoots/Leftovers,AncientPower/Blizzard/EarthPower/FreezeDry/StealthRock/ThunderWave,49.52186,Rock,Ice,58,123,77,72,99,92
Avalugg,86,Sturdy,HeavyDutyBoots/Leftovers,Avalanche/BodyPress/Curse/RapidSpin/Recover,49.55038,Ice,,28,95,117,184,44,46
Azelf,82,Levitate,ChoiceSpecs/FocusSash/Leftovers/LifeOrb,DazzlingGleam/FireBlast/NastyPlot/Psychic/Psyshock/StealthRock/Taunt/Uturn,50.719727,Psychic,,115,75,125,70,125,70
Azumarill,84,HugePower,ChoiceBand,AquaJet/KnockOff/Liquidation/PlayRough/Superpower,51.58666,Water,Fairy,50,100,50,80,60,80
Barbaracle,80,ToughClaws,ChoiceBand/ChoiceScarf/WhiteHerb,CrossChop/Earthquake/Liquidation/ShellSmash/StoneEdge,49.89693,Rock,Water,68,72,105,115,54,86
Barraskewda,80,SwiftSwim,ChoiceBand,CloseCombat/Crunch/Liquidation/PoisonJab/PsychicFangs,49.414288,Water,,136,61,123,60,60,50
Basculin,86,Adaptability,ChoiceBand,AquaJet/Crunch/FlipTurn/Liquidation/PsychicFangs/Superpower,51.108402,Water,,98,70,92,65,80,55
Beartic,86,SlushRush,ChoiceBand/HeavyDutyBoots/LifeOrb,AquaJet/IcicleCrash/StoneEdge/Superpower/SwordsDance,49.001175,Ice,,50,95,130,80,70,80
Beheeyem,86,Analytic,ChoiceSpecs/LifeOrb,Psychic/ShadowBall/Thunderbolt/Trick/TrickRoom,47.69456,Psychic,,40,75,75,75,125,95
Bellossom,82,Chlorophyll,Leftovers,GigaDrain/Moonblast/QuiverDance/SleepPowder/StrengthSap,49.349743,Grass,,50,75,80,95,90,100
Bewear,82,Fluffy,ChoiceBand/ChoiceScarf/LifeOrb,CloseCombat/DarkestLariat/DoubleEdge/IcePunch/SwordsDance,48.31263,Normal,Fighting,60,120,125,80,55,60
Bisharp,80,Defiant,FocusSash/LifeOrb,IronHead/KnockOff/StealthRock/SuckerPunch/SwordsDance,50.47744,Dark,Steel,70,65,125,100,60,70
Blacephalon,80,BeastBoost,ChoiceScarf/FocusSash/HeavyDutyBoots/LifeOrb,CalmMind/FireBlast/Psyshock/ShadowBall/Trick,52.01735,Fire,Ghost,107,53,127,53,151,79
Blastoise,82,Torrent,Leftovers/WhiteHerb,Earthquake/HydroPump/IceBeam/Protect/RapidSpin/Scald/ShellSmash/Toxic,51.7183,Water,,78,79,83,100,85,105
Blaziken,76,SpeedBoost,ChoiceBand/LifeOrb,CloseCombat/FlareBlitz/KnockOff/StoneEdge/SwordsDance,50.120823,Fire,Fighting,80,80,120,70,110,70
Blissey,83,NaturalCure,Leftovers,SeismicToss/SoftBoiled/StealthRock/Teleport/Toxic,48.09978,Normal,,55,255,10,10,75,135
Boltund,84,StrongJaw,ChoiceBand/FocusSash/LifeOrb,BulkUp/Crunch/FireFang/PlayRough/PsychicFangs/ThunderFang/VoltSwitch,50.370544,Electric,,121,69,90,60,90,60
Bouffalant,84,Reckless/SapSipper,ChoiceBand/Leftovers,CloseCombat/Earthquake/HeadCharge/Megahorn/SwordsDance,49.64011,Normal,,55,95,110,95,40,95
Braviary,82,Defiant,HeavyDutyBoots/Leftovers,BraveBird/BulkUp/CloseCombat/Roost,52.51874,Normal,Flying,80,100,123,75,57,75
Bronzong,83,Levitate,Leftovers,Earthquake/IronHead/Protect/StealthRock/Toxic,48.428093,Steel,Psychic,33,67,89,116,79,116
Butterfree,87,CompoundEyes/TintedLens,HeavyDutyBoots,AirSlash/BugBuzz/EnergyBall/Hurricane/QuiverDance/SleepPowder,48.533703,Bug,Flying,70,60,45,50,90,80
Buzzwole,77,BeastBoost,ChoiceBand/ChoiceScarf,CloseCombat/DarkestLariat/DualWingbeat/IronHead/LeechLife/StoneEdge,52.39153,Bug,Fighting,79,107,139,139,53,53
Calyrex,88,Unnerve,Leftovers,CalmMind/GigaDrain/LeechSeed/Psyshock/Substitute,47.13467,Psychic,Grass,80,100,80,80,80,80
CalyrexIce,72,AsOne(Glastrier),HeavyDutyBoots/LifeOrb/WeaknessPolicy,Agility/CloseCombat/GlacialLance/HighHorsepower/TrickRoom,52.90399,Psychic,Ice,50,100,165,150,85,130
CalyrexShadow,65,AsOne(Spectrier),ChoiceSpecs/Leftovers,AstralBarrage/NastyPlot/PollenPuff/Psyshock/Substitute/Trick,53.487442,Psychic,Ghost,150,100,85,80,165,100
Carbink,86,Sturdy,Leftovers/LightClay,BodyPress/LightScreen/Moonblast/Reflect/StealthRock,48.80233,Rock,Fairy,50,50,50,150,50,150
Carracosta,84,SolidRock/SwiftSwim,WeaknessPolicy/WhiteHerb,AquaJet/HydroPump/ShellSmash/StoneEdge/Superpower,49.56337,Water,Rock,32,74,108,133,83,65
Celebi,82,NaturalCure,ChoiceScarf/ChoiceSpecs/Leftovers/LifeOrb,EarthPower/GigaDrain/LeafStorm/NastyPlot/Psychic/Recover/StealthRock/Uturn,49.65708,Psychic,Grass,100,100,100,100,100,100
Celesteela,77,BeastBoost,AssaultVest/Leftovers,AirSlash/Earthquake/FireBlast/FlashCannon/LeechSeed/Protect,51.68279,Steel,Flying,61,97,101,103,107,101
Centiskorch,84,FlashFire,HeavyDutyBoots,Coil/FireLash/KnockOff/LeechLife/PowerWhip,48.24154,Fire,Bug,65,100,115,65,90,90
Chandelure,82,FlashFire,ChoiceScarf/HeavyDutyBoots/Leftovers/LifeOrb,CalmMind/EnergyBall/FireBlast/ShadowBall/Substitute/Trick,47.873695,Ghost,Fire,80,60,55,90,145,90
Chansey,84,NaturalCure,Eviolite,HealBell/SeismicToss/SoftBoiled/StealthRock/Toxic,49.282864,Normal,,50,250,5,5,35,105
Charizard,82,SolarPower,HeavyDutyBoots,AirSlash/Earthquake/FireBlast/FocusBlast/Roost,48.08105,Fire,Flying,100,78,84,78,109,85
Cherrim,93,FlowerGift,ChoiceScarf,DazzlingGleam/EnergyBall/HealingWish/PetalDance/PollenPuff,48.240017,Grass,,85,70,60,70,87,78
Cinccino,84,SkillLink,ChoiceBand/LifeOrb,BulletSeed/KnockOff/RockBlast/TailSlap/Uturn,50.69384,Normal,,115,75,95,60,65,60
Cinderace,74,Libero,ChoiceBand/HeavyDutyBoots/LifeOrb,BulkUp/CourtChange/GunkShot/HighJumpKick/PyroBall/SuckerPunch/Uturn/ZenHeadbutt,49.837948,Fire,,119,80,116,75,65,75
Clawitzer,84,MegaLauncher,ChoiceSpecs,AuraSphere/DarkPulse/IceBeam/Scald/Uturn/WaterPulse,48.296516,Water,,59,71,73,88,120,89
Claydol,86,Levitate,AssaultVest/Leftovers,Earthquake/IceBeam/Psychic/RapidSpin/StealthRock/Toxic,48.423637,Ground,Psychic,75,60,70,105,70,120
Clefable,82,MagicGuard/Unaware,Leftovers/LifeOrb,CalmMind/FireBlast/Moonblast/SoftBoiled/StealthRock/ThunderWave,50.46939,Fairy,,60,95,70,73,95,90
Cloyster,80,SkillLink,WhiteHerb,Explosion/HydroPump/IcicleSpear/RockBlast/ShellSmash,51.40668,Water,Ice,70,50,95,180,85,45
Coalossal,87,FlameBody,AirBalloon/HeavyDutyBoots,Overheat/RapidSpin/Spikes/StealthRock/StoneEdge/WillOWisp,48.391747,Rock,Fire,30,110,80,120,80,90
Cobalion,78,Justified,AssaultVest/Leftovers/LumBerry,CloseCombat/IronHead/StealthRock/StoneEdge/SwordsDance/VoltSwitch,49.154766,Steel,Fighting,108,91,90,129,90,72
Cofagrigus,86,Mummy,Leftovers,BodyPress/Memento/ShadowBall/ToxicSpikes/WillOWisp,48.440968,Ghost,,30,58,50,145,95,105
Comfey,86,Triage,ChoiceSpecs/LifeOrb,CalmMind/DrainingKiss/GigaDrain/StoredPower/Trick/Uturn,49.89548,Fairy,,100,51,52,90,82,110
Conkeldurr,80,Guts,FlameOrb,CloseCombat/DrainPunch/Facade/KnockOff/MachPunch,49.70528,Fighting,,45,105,140,95,55,65
Copperajah,84,HeavyMetal/SheerForce,ChoiceBand/LifeOrb,Earthquake/HeatCrash/HeavySlam/IronHead/PlayRough/PowerWhip/RockSlide/StealthRock/StoneEdge,50.169003,Steel,,30,122,130,69,80,69
Corsola,93,Regenerator,RockyHelmet,PowerGem/Recover/Scald/StealthRock/Toxic,46.779984,Water,Rock,35,65,55,95,65,95
CorsolaGalar,84,CursedBody,Eviolite,Haze/NightShade/StealthRock/StrengthSap/WillOWisp,51.09559,Ghost,,30,60,55,100,65,100
Corviknight,78,MirrorArmor/Pressure,Leftovers,BodyPress/BraveBird/BulkUp/Defog/Roost,50.73878,Flying,Steel,67,98,87,105,53,85
Cradily,86,StormDrain,Leftovers,PowerWhip/Recover/StealthRock/StoneEdge/SwordsDance/Toxic,49.349483,Rock,Grass,43,86,81,97,81,107
Cramorant,84,GulpMissile,HeavyDutyBoots/LifeOrb,BraveBird/Defog/Roost/Superpower/Surf,48.966007,Flying,Water,85,70,85,55,85,95
Crawdaunt,84,Adaptability,ChoiceBand/FocusSash/LifeOrb,AquaJet/CloseCombat/Crabhammer/DragonDance/KnockOff,49.829952,Water,Dark,55,63,120,85,90,55
Cresselia,80,Levitate,Leftovers,CalmMind/Moonblast/Moonlight/Psyshock/ThunderWave/Toxic,51.41574,Psychic,,85,120,70,120,75,130
Crobat,82,Infiltrator,BlackSludge/HeavyDutyBoots,BraveBird/Defog/Roost/SuperFang/Taunt/Toxic/Uturn,48.6599,Poison,Flying,130,85,90,80,70,80
Crustle,82,Sturdy,HeavyDutyBoots/Leftovers/WhiteHerb,Earthquake/ShellSmash/Spikes/StealthRock/StoneEdge/XScissor,51.339787,Bug,Rock,45,70,105,125,65,75
Cryogonal,86,Levitate,HeavyDutyBoots/Leftovers,FreezeDry/Haze/RapidSpin/Recover/Toxic,50.288246,Ice,,105,80,50,50,95,135
Cursola,86,WeakArmor,ChoiceSpecs/FocusSash/Leftovers,EarthPower/HydroPump/IceBeam/ShadowBall/StealthRock/StrengthSap,47.642456,Ghost,,30,60,95,50,145,130
Darmanitan,80,SheerForce,LifeOrb,Earthquake/FlareBlitz/RockSlide/Superpower/Uturn,50.662518,Fire,,95,105,140,55,30,55
DarmanitanGalar,78,GorillaTactics/ZenMode,ChoiceScarf/SalacBerry,BellyDrum/Earthquake/FirePunch/FlareBlitz/IcicleCrash/Substitute/Superpower/Uturn,50.490646,Ice,,95,105,140,55,30,55
Decidueye,86,Overgrow,ChoiceBand/LifeOrb/LumBerry,BraveBird/LeafBlade/Poltergeist/Roost/ShadowSneak/SwordsDance,49.57648,Grass,Ghost,70,78,107,75,100,100
Dedenne,87,CheekPouch,SitrusBerry,Protect/Recycle/Thunderbolt/Toxic,47.43189,Electric,Fairy,101,67,58,57,81,67
Delibird,100,VitalSpirit,HeavyDutyBoots,FreezeDry/Memento/RapidSpin/Spikes,44.46465,Ice,Flying,75,45,55,45,65,45
Dhelmise,86,Steelworker,AssaultVest/ChoiceBand/LumBerry,AnchorShot/Earthquake/Poltergeist/PowerWhip/RapidSpin/SwordsDance,48.969727,Ghost,Grass,40,70,131,100,86,90
Dialga,74,Pressure,ChoiceScarf/ChoiceSpecs/Leftovers,DracoMeteor/FireBlast/FlashCannon/StealthRock/Thunderbolt/Toxic,50.958157,Steel,Dragon,90,100,120,120,150,100
Diancie,82,ClearBody,AssaultVest/Leftovers,BodyPress/DiamondStorm/EarthPower/Moonblast/StealthRock/Toxic,49.86023,Rock,Fairy,50,50,100,150,100,150
Diggersby,80,HugePower,ChoiceBand/ChoiceScarf/LifeOrb,BodySlam/Earthquake/KnockOff/QuickAttack/SwordsDance/Uturn,49.399075,Normal,Ground,78,85,56,77,50,77
Ditto,76,Imposter,ChoiceScarf,Transform,52.271072,Normal,,48,48,48,48,48,48
Doublade,82,NoGuard,Eviolite,CloseCombat/IronHead/ShadowClaw/ShadowSneak/SwordsDance,49.2163,Steel,Ghost,35,59,110,150,45,49
Dracovish,80,StrongJaw,ChoiceBand,Crunch/FishiousRend/IceFang/LowKick/PsychicFangs,50.35451,Water,Dragon,75,90,90,100,70,80
Dracozolt,78,Hustle,ChoiceBand/ChoiceScarf,AerialAce/BoltBeak/Earthquake/LowKick/Outrage,51.27946,Electric,Dragon,75,90,100,90,80,70
Dragalge,86,Adaptability,BlackSludge/ChoiceSpecs,DracoMeteor/DragonPulse/FlipTurn/FocusBlast/SludgeWave/ToxicSpikes,49.08631,Poison,Dragon,44,65,75,90,97,123
Dragapult,78,ClearBody/Infiltrator,ChoiceSpecs,DracoMeteor/FireBlast/ShadowBall/Thunderbolt/Uturn,51.403744,Dragon,Ghost,142,88,120,75,100,75
Dragonite,75,Multiscale,ChoiceBand/HeavyDutyBoots,DragonDance/DualWingbeat/Earthquake/ExtremeSpeed/Outrage,51.92101,Dragon,Flying,80,91,134,95,100,100
Drampa,86,Berserk/SapSipper,ChoiceSpecs/Leftovers,DracoMeteor/FireBlast/Glare/HyperVoice/Roost/Thunderbolt,48.027348,Normal,Dragon,36,78,60,85,135,91
Drapion,82,Sniper,BlackSludge/ChoiceBand/LifeOrb,AquaTail/Earthquake/KnockOff/PoisonJab/SwordsDance/Taunt/ToxicSpikes,49.262016,Poison,Dark,95,70,90,110,60,75
Drednaw,84,SwiftSwim,FocusSash/LifeOrb,Liquidation/StealthRock/StoneEdge/Superpower/SwordsDance,47.996204,Water,Rock,74,90,115,90,48,68
Drifblim,84,Unburden,SitrusBerry,CalmMind/ShadowBall/StrengthSap/Thunderbolt,51.01902,Ghost,Flying,80,150,80,44,90,54
Druddigon,84,MoldBreaker/RoughSkin,ChoiceBand/Leftovers/LifeOrb,Earthquake/Glare/GunkShot/Outrage/StealthRock/SuckerPunch/Superpower,49.05167,Dragon,,48,77,120,90,60,90
Dubwool,86,Bulletproof/Fluffy,Leftovers,BodyPress/CottonGuard/Rest/SleepTalk,48.44904,Normal,,88,72,80,100,60,90
Dugtrio,82,ArenaTrap,ChoiceBand,Earthquake/Memento/StoneEdge/SuckerPunch,49.876152,Ground,,120,35,100,50,50,70
DugtrioAlola,82,SandForce/TanglingHair,ChoiceBand/FocusSash/LifeOrb,Earthquake/IronHead/StealthRock/StoneEdge/SuckerPunch,52.169876,Ground,Steel,110,35,100,60,50,70
Dunsparce,90,SereneGrace,Leftovers,BodySlam/Coil/Earthquake/Roost,50.297832,Normal,,45,100,70,70,65,65
Duraludon,84,LightMetal,AssaultVest/FocusSash/LifeOrb,BodyPress/DracoMeteor/FlashCannon/StealthRock/Thunderbolt,51.248985,Steel,Dragon,85,70,95,115,120,50
Durant,78,Hustle,ChoiceBand/LifeOrb,FirstImpression/HoneClaws/IronHead/RockSlide/Superpower,50.791595,Bug,Steel,109,58,109,112,48,48
Dusknoir,86,Frisk/Pressure,ChoiceBand/Leftovers,Earthquake/IcePunch/PainSplit/Poltergeist/ShadowSneak/Trick/WillOWisp,49.669025,Ghost,,45,45,100,135,65,135
Eiscue,82,IceFace,SalacBerry/SitrusBerry,BellyDrum/IcicleCrash/Liquidation/Substitute/ZenHeadbutt,48.61751,Ice,,50,75,80,110,65,90
Eldegoss,90,Regenerator,HeavyDutyBoots/Leftovers,EnergyBall/LeechSeed/PollenPuff/RapidSpin/SleepPowder,48.017384,Grass,,60,60,50,90,80,120
Electivire,82,MotorDrive,ChoiceBand/ChoiceScarf/LifeOrb,CrossChop/Earthquake/Flamethrower/IcePunch/VoltSwitch/WildCharge,50.888836,Electric,,95,75,123,67,95,85
Emolga,88,MotorDrive,ChoiceSpecs/HeavyDutyBoots/Leftovers/LifeOrb,AirSlash/Defog/EnergyBall/Roost/Thunderbolt/Toxic/Uturn,48.71795,Electric,Flying,103,55,75,60,75,60
Entei,78,InnerFocus,ChoiceBand,ExtremeSpeed/FlareBlitz/SacredFire/StompingTantrum/StoneEdge,51.10571,Fire,,100,115,115,85,90,75
Escavalier,84,Overcoat/Swarm,ChoiceBand/Leftovers,CloseCombat/DrillRun/IronHead/KnockOff/Megahorn/SwordsDance,49.21305,Bug,Steel,20,70,135,105,60,105
Espeon,82,MagicBounce,Leftovers/LifeOrb,CalmMind/DazzlingGleam/MorningSun/Psychic/ShadowBall,50.59731,Psychic,,110,65,65,60,130,95
Eternatus,69,Pressure,BlackSludge/Metronome,DynamaxCannon/Flamethrower/Recover/SludgeWave/Toxic,50.616653,Poison,Dragon,130,140,85,95,145,95
Excadrill,78,MoldBreaker/SandRush,AssaultVest/Leftovers/LifeOrb,Earthquake/IronHead/RapidSpin/RockSlide/SwordsDance,51.159138,Ground,Steel,88,110,135,60,50,65
Exeggutor,86,Chlorophyll/Harvest,Leftovers/SitrusBerry,GigaDrain/LeechSeed/Psychic/SleepPowder/Substitute,49.66746,Grass,Psychic,55,95,95,85,125,75
ExeggutorAlola,87,Frisk,ChoiceSpecs/LifeOrb,DracoMeteor/Flamethrower/GigaDrain/LeafStorm/TrickRoom,48.091602,Grass,Dragon,45,95,105,85,125,75
Exploud,84,Scrappy,ChoiceSpecs,Boomburst/FireBlast/FocusBlast/Surf,48.762657,Normal,,68,104,91,63,91,73
Falinks,84,Defiant,ChoiceBand/ChoiceScarf/LifeOrb,CloseCombat/NoRetreat/PoisonJab/RockSlide/ThroatChop,49.657066,Fighting,,75,65,100,100,70,60
Farfetchd,90,Defiant,Leek,BraveBird/CloseCombat/KnockOff/LeafBlade/SwordsDance,48.720356,Normal,Flying,60,52,90,55,58,62
Ferrothorn,78,IronBarbs,Leftovers,GyroBall/KnockOff/LeechSeed/PowerWhip/Protect/Spikes/StealthRock,50.650364,Grass,Steel,20,74,94,131,54,116
Flapple,84,Hustle,ChoiceBand/FocusSash/LifeOrb,DragonDance/GravApple/Outrage/SuckerPunch/Uturn,49.555035,Grass,Dragon,70,70,110,80,95,60
Flareon,86,Guts,ToxicOrb,Facade/FlameCharge/FlareBlitz/QuickAttack/Superpower,50.54348,Fire,,65,65,130,60,95,110
Flygon,80,Levitate,ChoiceBand/ChoiceScarf/Leftovers/LifeOrb,Defog/DragonDance/Earthquake/FirePunch/Outrage/Uturn,50.15528,Ground,Dragon,100,80,100,80,80,80
Froslass,84,CursedBody,WideLens,DestinyBond/Poltergeist/Spikes/Taunt/TripleAxel/WillOWisp,51.829266,Ice,Ghost,110,70,80,70,80,70
Frosmoth,82,IceScales,HeavyDutyBoots,BugBuzz/GigaDrain/Hurricane/IceBeam/QuiverDance,50.307144,Ice,Bug,65,70,65,60,125,90
Gallade,82,Justified,ChoiceBand/ChoiceScarf/LifeOrb,CloseCombat/KnockOff/ShadowSneak/SwordsDance/Trick/ZenHeadbutt,49.431427,Psychic,Fighting,80,68,125,65,65,115
Galvantula,82,CompoundEyes,ChoiceSpecs/FocusSash/HeavyDutyBoots/LifeOrb,BugBuzz/GigaDrain/StickyWeb/Thunder/VoltSwitch,50.3518,Bug,Electric,108,70,77,60,97,60
Garbodor,87,Aftermath,BlackSludge/FocusSash/LifeOrb,Explosion/GunkShot/PainSplit/Spikes/StompingTantrum/ToxicSpikes,48.023487,Poison,,75,80,95,82,60,82
Garchomp,74,RoughSkin,AssaultVest/ChoiceBand/ChoiceScarf/LumBerry/RockyHelmet,Earthquake/FireBlast/FireFang/Outrage/StealthRock/StoneEdge/SwordsDance,50.06746,Dragon,Ground,102,108,130,95,80,85
Gardevoir,82,Trace,ChoiceScarf/Leftovers/LifeOrb,CalmMind/Moonblast/MysticalFire/Psyshock/Substitute/Trick/WillOWisp,49.681866,Psychic,Fairy,80,68,65,65,125,115
Gastrodon,84,StormDrain,Leftovers,ClearSmog/Earthquake/IceBeam/Recover/Scald/Toxic,50.62705,Water,Ground,39,111,83,68,92,82
Genesect,74,Download,AssaultVest/ChoiceBand/DouseDrive/LifeOrb,BlazeKick/BugBuzz/ExtremeSpeed/Flamethrower/IceBeam/IronHead/LeechLife/ShiftGear/TechnoBlast/Thunderbolt/Uturn,51.256214,Bug,Steel,99,71,120,95,120,95
Gengar,80,CursedBody,ChoiceSpecs/FocusSash/LifeOrb,FocusBlast/NastyPlot/ShadowBall/SludgeWave/Trick,50.088047,Ghost,Poison,110,60,65,60,130,75
Gigalith,82,SandStream,ChoiceBand/Leftovers,Earthquake/Explosion/StealthRock/StoneEdge/Superpower,49.94828,Rock,,25,85,135,130,60,80
Giratina,74,Pressure,ChestoBerry/Leftovers,Hex/Rest/SleepTalk/Toxic/WillOWisp,47.1368,Ghost,Dragon,90,150,100,120,100,120
GiratinaOrigin,74,Levitate,GriseousOrb,DualWingbeat/HoneClaws/Outrage/Poltergeist/ShadowSneak,51.111675,Ghost,Dragon,90,150,120,100,120,100
Glaceon,88,IceBody/SnowCloak,Leftovers,FreezeDry/Protect/Toxic/Wish,49.161884,Ice,,65,65,60,110,130,95
Glalie,80,Moody,Leftovers,Disable/Earthquake/FreezeDry/Protect/Substitute,52.530174,Ice,,80,80,80,80,80,80
Glastrier,82,ChillingNeigh,HeavyDutyBoots/LumBerry,CloseCombat/HighHorsepower/IcicleCrash/SwordsDance,49.12004,Ice,,30,100,145,130,65,110
Golduck,86,SwiftSwim,ChoiceSpecs/Leftovers/LifeOrb,CalmMind/FocusBlast/IceBeam/Psyshock/Scald/Substitute,50.595093,Water,,85,80,82,78,95,80
Golisopod,84,EmergencyExit,ChoiceBand/HeavyDutyBoots,FirstImpression/KnockOff/LeechLife/Liquidation/Spikes,49.894264,Bug,Water,40,75,125,140,60,90
Golurk,82,NoGuard,ChoiceBand/LifeOrb,DynamicPunch/Earthquake/Poltergeist/RockPolish/StoneEdge,48.58701,Ground,Ghost,55,89,124,80,55,80
Goodra,82,SapSipper,AssaultVest/ChoiceScarf/ChoiceSpecs,DracoMeteor/Earthquake/FireBlast/PowerWhip/SludgeBomb/Thunderbolt,47.965813,Dragon,,80,90,100,70,110,150
Gothitelle,86,ShadowTag,ChoiceScarf/Leftovers,NastyPlot/Psychic/ShadowBall/Thunderbolt/Trick,48.89046,Psychic,,65,70,55,95,95,110
Gourgeist,84,Frisk,ChoiceBand/Leftovers/LifeOrb,LeechSeed/Poltergeist/PowerWhip/RockSlide/ShadowSneak/Substitute/Synthesis/TrickRoom/WillOWisp,49.913124,Ghost,Grass,84,65,90,122,58,75
Grapploct,86,Limber/Technician,LifeOrb,BrutalSwing/BulkUp/DrainPunch/IcePunch/SuckerPunch,46.9773,Fighting,,42,80,118,90,70,80
Greedent,84,CheekPouch,SitrusBerry,BodySlam/Earthquake/FireFang/Payback/SwordsDance,48.852936,Normal,,20,120,95,95,55,75
Grimmsnarl,82,Prankster,ChestoBerry/ChoiceBandLeftovers/LifeOrb/LightClay,BulkUp/DarkestLariat/LightScreen/PlayRough/Reflect/Rest/SpiritBreak/SuckerPunch/Taunt/ThunderWave/Trick,49.50648,Dark,Fairy,60,95,120,65,95,75
Groudon,73,Drought,ChoiceBand/ChoiceScarf/Leftovers,HeatCrash/HeavySlam/PrecipiceBlades/StealthRock/StoneEdge/SwordsDance/ThunderWave,52.43808,Ground,,90,100,150,140,100,90
Gurdurr,83,Guts,Eviolite,BulkUp/Defog/DrainPunch/KnockOff/MachPunch,48.710033,Fighting,,40,85,105,85,40,50
Guzzlord,84,BeastBoost,AssaultVest/ChoiceSpecs,DarkPulse/DracoMeteor/FireBlast/KnockOff/SludgeBomb,50.502007,Dark,Dragon,43,223,101,53,97,53
Gyarados,76,Intimidate/Moxie,ChoiceBand/HeavyDutyBoots/LifeOrb,Bounce/DragonDance/Earthquake/PowerWhip/Waterfall,49.766983,Water,Flying,81,95,125,79,60,100
Hatterene,86,MagicBounce,ChoiceSpecs/Leftovers/LifeOrb,CalmMind/DazzlingGleam/MysticalFire/Psychic/Psyshock/TrickRoom,50.355667,Psychic,Fairy,29,57,90,95,136,103
Hawlucha,80,MoldBreaker/Unburden,ChoiceBand/WhiteHerb,BraveBird/CloseCombat/Roost/StoneEdge/SwordsDance/ThroatChop,50.258648,Fighting,Flying,118,78,92,75,74,63
Haxorus,77,MoldBreaker,ChoiceBand/ChoiceScarf/LifeOrb,CloseCombat/DragonDance/Earthquake/Outrage/PoisonJab,50.326515,Dragon,,97,76,147,90,60,70
Heatmor,90,FlashFire,HeavyDutyBoots/Leftovers/LifeOrb,FireLash/GigaDrain/KnockOff/Substitute/SuckerPunch/Superpower,49.54107,Fire,,65,85,97,66,105,66
Heatran,78,FlashFire,AirBalloon/Leftovers,EarthPower/FlashCannon/LavaPlume/Protect/StealthRock/Taunt/Toxic,49.849613,Fire,Steel,77,91,90,106,130,106
Heliolisk,82,DrySkin,ChoiceSpecs/FocusSash/LifeOrb,Glare/GrassKnot/HyperVoice/Surf/Thunderbolt/VoltSwitch,49.42004,Electric,Normal,109,62,55,52,109,94
Heracross,82,Guts,FlameOrb,CloseCombat/Facade/KnockOff/Megahorn,49.9286,Bug,Fighting,85,80,125,75,40,95
Hippowdon,80,SandStream,Leftovers,Earthquake/SlackOff/StealthRock/StoneEdge/Toxic/Whirlwind,48.946537,Ground,,47,108,112,118,68,72
Hitmonchan,86,IronFist,AssaultVest/ChoiceBand/Leftovers/LifeOrb,BulkUp/DrainPunch/IcePunch/MachPunch/RapidSpin/ThroatChop,51.178135,Fighting,,76,50,105,79,35,110
Hitmonlee,84,Reckless/Unburden,ChoiceBand/ChoiceScarf/WhiteHerb,CloseCombat/Curse/HighJumpKick/KnockOff/PoisonJab/StoneEdge,49.41209,Fighting,,87,50,120,53,35,110
Hitmontop,85,Intimidate/Technician,AssaultVest/ChoiceBand/Leftovers/LifeOrb,CloseCombat/Earthquake/RapidSpin/SuckerPunch/Toxic/TripleAxel,49.31253,Fighting,,70,50,95,95,35,110
HoOh,72,Regenerator,HeavyDutyBoots,BraveBird/Defog/Earthquake/Roost/SacredFire/Toxic,51.09755,Fire,Flying,90,106,130,90,110,154
Hydreigon,80,Levitate,ChoiceScarf/ChoiceSpecs/Leftovers/LifeOrb,DarkPulse/DracoMeteor/FireBlast/FlashCannon/NastyPlot/Roost/Uturn,52.51535,Dark,Dragon,98,92,105,90,125,90
Incineroar,80,Intimidate,ChoiceBand/ChoiceScarf/HeavyDutyBoots,Earthquake/FlareBlitz/KnockOff/PartingShot/Uturn/WillOWisp,50.367313,Fire,Dark,60,95,115,90,80,90
Indeedee,83,PsychicSurge,ChoiceScarf/FocusSash/LifeOrb,CalmMind/ExpandingForce/HyperVoice/MysticalFire/Trick,50.307186,Psychic,Normal,95,60,65,55,105,95
IndeedeeF,85,PsychicSurge,ChoiceScarf/LifeOrb,CalmMind/ExpandingForce/HealingWish/HyperVoice/MysticalFire,50.156414,Psychic,Normal,85,70,55,65,95,105
Inteleon,80,Sniper/Torrent,ChoiceSpecs/ScopeLens,AirSlash/DarkPulse/FocusEnergy/HydroPump/IceBeam/Scald/Surf/Uturn,51.234806,Water,,120,70,85,65,125,65
Jellicent,84,WaterAbsorb,Leftovers,IceBeam/Recover/Scald/ShadowBall/Toxic/WillOWisp,47.862675,Water,Ghost,60,100,60,70,85,105
Jirachi,79,SereneGrace,AssaultVest/ChoiceScarf/Leftovers,BodySlam/FirePunch/IronHead/StealthRock/Toxic/Trick/Uturn,51.051777,Steel,Psychic,100,100,100,100,100,100
Jolteon,82,VoltAbsorb,ChoiceSpecs,HyperVoice/ShadowBall/Thunderbolt/VoltSwitch,50.99492,Electric,,130,65,65,60,110,95
Jynx,86,DrySkin,ChoiceScarf/FocusSash/HeavyDutyBoots/Leftovers/LifeOrb,FocusBlast/IceBeam/LovelyKiss/NastyPlot/Psyshock/Trick,51.216633,Ice,Psychic,95,65,50,35,115,95
Kabutops,82,SwiftSwim,AssaultVest/ChoiceBand/LifeOrb/LumBerry,AquaJet/KnockOff/Liquidation/RapidSpin/StoneEdge/SwordsDance,48.010483,Rock,Water,80,60,115,105,65,70
Kangaskhan,84,Scrappy,AssaultVest/ChoiceBand,DoubleEdge/Earthquake/FakeOut/HammerArm/SuckerPunch,50.023354,Normal,,90,105,95,80,40,80
Kartana,74,BeastBoost,ChoiceBand/LifeOrb,KnockOff/LeafBlade/SacredSword/SmartStrike/SwordsDance,51.153694,Grass,Steel,109,59,181,131,59,31
KeldeoResolute,79,Justified,ChoiceScarf/ChoiceSpecs/Leftovers/LifeOrb,AirSlash/CalmMind/HydroPump/IcyWind/Scald/SecretSword/Substitute,50.471962,Water,Fighting,108,91,72,90,129,90
Kingdra,82,SwiftSwim,ChoiceSpecs/LifeOrb,DracoMeteor/FlipTurn/Hurricane/HydroPump/RainDance,48.72501,Water,Dragon,85,75,95,95,95,95
Kingler,84,SheerForce,LifeOrb,Agility/Liquidation/RockSlide/Superpower/SwordsDance/XScissor,48.11508,Water,,75,55,130,115,50,50
Klefki,82,Prankster,FocusSash/Leftovers,MagnetRise/PlayRough/Spikes/ThunderWave/Toxic,50.285866,Steel,Fairy,75,57,80,91,80,87
Klinklang,84,ClearBody,Leftovers,GearGrind/ShiftGear/Substitute/WildCharge,48.756332,Steel,,90,60,100,115,70,85
Kommoo,80,Bulletproof,Leftovers/ThroatSpray,ClangingScales/ClangorousSoul/CloseCombat/PoisonJab/StealthRock,49.45873,Dragon,Fighting,85,75,110,125,100,105
Krookodile,78,Intimidate/Moxie,ChoiceBand/ChoiceScarf/FocusSash/LifeOrb,CloseCombat/Earthquake/KnockOff/StealthRock/StoneEdge,50.264202,Ground,Dark,92,95,117,80,65,70
Kyogre,72,Drizzle,ChoiceScarf/ChoiceSpecs/Leftovers,CalmMind/IceBeam/OriginPulse/Thunder/WaterSpout,52.042652,Water,,90,100,100,90,150,140
Kyurem,80,Pressure,ChoiceScarf/ChoiceSpecs/HeavyDutyBoots/Leftovers,DracoMeteor/EarthPower/FreezeDry/IceBeam/Roost/Substitute,50.113495,Dragon,Ice,95,125,130,90,130,90
KyuremBlack,73,Teravolt,HeavyDutyBoots/LumBerry,DragonDance/FusionBolt/IcicleSpear/Outrage,51.16883,Dragon,Ice,95,125,170,100,120,90
KyuremWhite,74,Turboblaze,ChoiceScarf/ChoiceSpecs/HeavyDutyBoots/Leftovers,DracoMeteor/EarthPower/FreezeDry/FusionFlare/IceBeam/Roost,49.802624,Dragon,Ice,95,125,120,90,170,100
Landorus,76,SheerForce,LifeOrb,EarthPower/FocusBlast/KnockOff/RockPolish/RockSlide/SludgeWave/StealthRock,51.292377,Ground,Flying,101,89,125,90,115,80
LandorusTherian,72,Intimidate,ChoiceBand/ChoiceScarf/Leftovers/LifeOrb,Earthquake/Fly/StealthRock/StoneEdge/SwordsDance/Uturn,50.786186,Ground,Flying,91,89,145,90,105,80
Lanturn,86,VoltAbsorb,ChoiceSpecs/Leftovers/LifeOrb,HealBell/IceBeam/Scald/Thunderbolt/Toxic/VoltSwitch,49.62769,Water,Electric,67,125,58,58,76,76
Lapras,86,WaterAbsorb,ChoiceSpecs/HeavyDutyBoots/Leftovers,FreezeDry/IceBeam/Protect/SparklingAria/Thunderbolt/Toxic,50.2195,Water,Ice,60,130,85,80,85,95
Latias,80,Levitate,ChoiceScarf/Leftovers,CalmMind/DracoMeteor/HealingWish/MysticalFire/Psychic/Roost,51.49192,Dragon,Psychic,110,80,80,90,110,130
Latios,78,Levitate,ChoiceSpecs/LifeOrb/SoulDew,CalmMind/DracoMeteor/MysticalFire/Psyshock/Roost/Trick,51.14372,Dragon,Psychic,110,80,90,80,130,110
Leafeon,86,Chlorophyll,ChoiceBand/ChoiceScarf/LifeOrb/LumBerry,DoubleEdge/KnockOff/LeafBlade/SwordsDance/Synthesis/XScissor,49.50237,Grass,,95,65,110,130,60,65
Lickilicky,86,Oblivious,ChoiceBand/Leftovers,BodySlam/Earthquake/Explosion/HealBell/KnockOff/Protect/SwordsDance/Wish,49.837948,Normal,,50,110,85,95,80,95
Liepard,86,Prankster,ChoiceBand/FocusSash/Leftovers,Copycat/Encore/KnockOff/PlayRough/ThunderWave/Uturn,49.75644,Dark,,106,64,88,50,88,50
Lilligant,84,Chlorophyll/OwnTempo,Leftovers/LifeOrb,GigaDrain/PetalDance/PollenPuff/QuiverDance/SleepPowder,50.927647,Grass,,90,70,60,75,110,75
Linoone,84,Gluttony,AguavBerry/FigyBerry/IapapaBerry/MagoBerry/WikiBerry,BellyDrum/ExtremeSpeed/StompingTantrum/ThroatChop,48.60795,Normal,,100,78,70,61,50,61
Lopunny,90,CuteCharm,ToxicOrb,CloseCombat/Facade/HealingWish/Switcheroo,49.495678,Normal,,105,65,76,84,54,96
Lucario,82,Justified,ChoiceBand/FocusSash/LifeOrb,CloseCombat/ExtremeSpeed/MeteorMash/StoneEdge/SwordsDance,50.267174,Fighting,Steel,90,70,110,70,115,70
Ludicolo,86,SwiftSwim,ChoiceSpecs/LifeOrb,GigaDrain/HydroPump/IceBeam/RainDance/Scald,48.948814,Water,Grass,70,80,70,70,90,100
Lugia,74,Multiscale,HeavyDutyBoots,AirSlash/Earthquake/Roost/Substitute/Toxic,51.17808,Psychic,Flying,110,106,90,130,90,154
Lunala,72,ShadowShield,Leftovers,CalmMind/Moonblast/MoongeistBeam/Psyshock/Roost,51.666023,Psychic,Ghost,97,137,113,89,137,107
Lunatone,86,Levitate,ChoiceSpecs/FocusSash/LifeOrb,EarthPower/Moonblast/NastyPlot/PowerGem/Psychic/StealthRock,48.52806,Rock,Psychic,70,90,55,65,95,85
Lurantis,86,Contrary,Leftovers/LifeOrb,Defog/KnockOff/LeafStorm/Superpower/Synthesis,49.262733,Grass,,45,70,105,90,80,90
Luxray,84,Guts/Intimidate,AssaultVest/FlameOrb/LifeOrb,Agility/Crunch/Facade/Superpower/VoltSwitch/WildCharge,48.813404,Electric,,70,80,120,79,95,79
Lycanroc,80,SandRush,ChoiceBand/FocusSash/LifeOrb,Accelerock/CloseCombat/PsychicFangs/StoneEdge/SwordsDance,49.94812,Rock,,112,75,115,65,55,65
LycanrocDusk,80,ToughClaws,ChoiceBand/FocusSash/LifeOrb,Accelerock/CloseCombat/PsychicFangs/StoneEdge/SwordsDance,49.811523,Rock,,110,75,117,65,55,65
LycanrocMidnight,82,NoGuard,ChoiceBand/FocusSash/LifeOrb,CloseCombat/IronTail/StealthRock/StoneEdge/SuckerPunch/SwordsDance,48.874744,Rock,,82,85,115,75,55,75
Machamp,82,Guts/NoGuard,ChoiceBand/FlameOrb,BulletPunch/CloseCombat/DynamicPunch/Facade/KnockOff/StoneEdge,47.792892,Fighting,,55,90,130,80,65,85
Magearna,76,SoulHeart,Leftovers,Agility/CalmMind/FlashCannon/FleurCannon,51.932644,Steel,Fairy,65,80,95,115,130,115
Magmortar,86,FlameBody/VitalSpirit,AssaultVest/ChoiceScarf/ChoiceSpecs/HeavyDutyBoots/LifeOrb,Earthquake/FireBlast/FocusBlast/Psychic/Taunt/Thunderbolt,51.087456,Fire,,83,75,95,67,125,95
Magnezone,84,MagnetPull,AssaultVest/ChoiceScarf,BodyPress/FlashCannon/MirrorCoat/Thunderbolt/VoltSwitch,50.232307,Electric,Steel,60,70,70,115,130,90
Malamar,80,Contrary,ChestoBerry/Leftovers,KnockOff/PsychoCut/Rest/SleepTalk/Substitute/Superpower,50.06862,Dark,Psychic,73,86,92,88,68,75
Mamoswine,80,ThickFat,ChoiceBand/ChoiceScarf/FocusSash/LifeOrb,Earthquake/IceShard/IcicleCrash/KnockOff/StealthRock/Superpower,51.144028,Ice,Ground,80,110,130,80,70,60
Mandibuzz,82,Overcoat,HeavyDutyBoots/Leftovers,BraveBird/Defog/FoulPlay/Roost/Toxic,48.651848,Dark,Flying,80,110,65,105,55,95
Manectric,86,LightningRod,ChoiceScarf,Flamethrower/Overheat/Switcheroo/Thunderbolt/VoltSwitch,49.197617,Electric,,105,70,75,60,105,60
Mantine,86,WaterAbsorb,HeavyDutyBoots/Leftovers,Defog/Hurricane/IceBeam/Roost/Scald/Toxic,48.90722,Water,Flying,70,85,40,70,80,140
Maractus,95,Chlorophyll/StormDrain/WaterAbsorb,FocusSash/Leftovers,EnergyBall/KnockOff/LeechSeed/Spikes/SpikyShield/Toxic,46.42016,Grass,,60,75,86,67,106,67
Marowak,86,BattleArmor/RockHead,ThickClub,DoubleEdge/Earthquake/KnockOff/StealthRock/StoneEdge/SwordsDance,50.557198,Ground,,45,60,80,110,50,80
MarowakAlola,84,LightningRod/RockHead,ThickClub,Earthquake/FlameCharge/FlareBlitz/Poltergeist/StealthRock/StoneEdge,50.53777,Fire,Ghost,45,60,80,110,50,80
Marshadow,70,Technician,ChoiceBand/LifeOrb,BulkUp/CloseCombat/IcePunch/RockTomb/ShadowSneak/SpectralThief,50.745697,Fighting,Ghost,125,90,125,80,90,90
Mawile,86,Intimidate/SheerForce,FocusSash/LifeOrb,IronHead/PlayRough/StealthRock/SuckerPunch/SwordsDance,46.668224,Steel,Fairy,50,50,85,85,55,55
Melmetal,74,IronFist,ChoiceBand/Leftovers,DoubleIronBash/Earthquake/Superpower/ThunderPunch/ThunderWave,50.44803,Steel,,34,135,143,143,80,65
Meowstic,84,Prankster,Leftovers/LightClay,LightScreen/Psychic/Reflect/ThunderWave/Yawn,51.15096,Psychic,,104,74,48,76,83,81
MeowsticF,86,Competitive/Infiltrator,ChoiceSpecs/LifeOrb,EnergyBall/NastyPlot/Psychic/ShadowBall/Thunderbolt,48.335747,Psychic,,104,74,48,76,83,81
Mesprit,84,Levitate,ChoiceScarf/ChoiceSpecs/Leftovers,EnergyBall/HealingWish/IceBeam/NastyPlot/Psychic/StealthRock/ThunderWave/Uturn,51.114853,Psychic,,80,80,105,105,105,105
Metagross,79,ClearBody,ChoiceBand/ChoiceScarf/Leftovers/WeaknessPolicy,Agility/BulletPunch/Earthquake/Explosion/MeteorMash/StealthRock/ThunderPunch,51.195408,Steel,Psychic,70,80,135,130,95,90
Mew,80,Synchronize,ChoiceBand/ChoiceScarf/LumBerry,BraveBird/CloseCombat/DragonDance/FlareBlitz/PsychicFangs/SwordsDance,51.494354,Psychic,,100,100,100,100,100,100
Mewtwo,72,Unnerve,Leftovers/LifeOrb,FireBlast/NastyPlot/Psystrike/Recover/ShadowBall,51.86756,Psychic,,130,106,110,90,154,90
Mienshao,82,Regenerator,ChoiceBand/ChoiceScarf/FocusSash/LifeOrb,CloseCombat/FakeOut/KnockOff/PoisonJab/StoneEdge/SwordsDance/Uturn,49.721577,Fighting,,105,65,125,60,95,60
Milotic,82,Competitive/MarvelScale,Leftovers,Haze/IceBeam/Recover/Scald/Toxic,51.150417,Water,,81,95,60,79,100,125
Miltank,84,SapSipper/Scrappy/ThickFat,Leftovers,BodySlam/Earthquake/HealBell/MilkDrink/StealthRock/Toxic,52.173912,Normal,,100,95,80,105,40,70
Mimikyu,76,Disguise,LifeOrb,DrainPunch/PlayRough/ShadowClaw/ShadowSneak/SwordsDance,50.991146,Ghost,Fairy,96,55,90,80,50,105
Moltres,80,FlameBody/Pressure,HeavyDutyBoots,AirSlash/Defog/FireBlast/Roost/Uturn,49.76532,Fire,Flying,90,90,100,90,125,85
MoltresGalar,75,Berserk,ChestoBerry,FieryWrath/Hurricane/NastyPlot/Rest,52.294754,Dark,Flying,90,90,85,90,100,125
Morpeko,86,HungerSwitch,ChoiceBand/FocusSash/Leftovers,AuraWheel/FoulPlay/PartingShot/Protect/PsychicFangs/RapidSpin,52.17489,Electric,Dark,97,58,95,58,70,58
Mr.Mime,86,Filter,ChoiceScarf/LifeOrb,DazzlingGleam/FocusBlast/HealingWish/NastyPlot/Psychic,49.38361,Psychic,Fairy,90,40,45,65,100,120
Mr.MimeGalar,86,ScreenCleaner/VitalSpirit,Eviolite,FocusBlast/FreezeDry/NastyPlot/Psychic/RapidSpin,51.417625,Ice,Psychic,100,50,65,65,90,90
Mr.Rime,86,ScreenCleaner/TangledFeet,ChoiceScarf/HeavyDutyBoots/LifeOrb,FocusBlast/FreezeDry/Psychic/RapidSpin/SlackOff/Trick,47.326508,Ice,Psychic,70,80,85,75,110,100
Mudsdale,82,Stamina,ChoiceBand/Leftovers,BodyPress/Earthquake/HeavySlam/RockSlide/StealthRock,49.59339,Ground,,35,100,125,100,55,85
Musharna,86,Synchronize,Leftovers,CalmMind/Moonblast/Moonlight/Psychic/ThunderWave,52.06511,Psychic,,29,116,55,85,107,95
Naganadel,74,BeastBoost,ChoiceSpecs/LifeOrb,AirSlash/DracoMeteor/FireBlast/NastyPlot/SludgeWave,49.776413,Poison,Dragon,121,73,73,73,127,73
Necrozma,80,PrismArmor,Leftovers,CalmMind/HeatWave/Moonlight/PhotonGeyser/StealthRock,50.32235,Psychic,,79,97,107,101,127,89
NecrozmaDawnWings,76,PrismArmor,Leftovers,CalmMind/HeatWave/MoongeistBeam/PhotonGeyser/StealthRock,51.72549,Psychic,Ghost,77,97,113,109,157,127
NecrozmaDuskMane,67,PrismArmor,WeaknessPolicy,DragonDance/Earthquake/MorningSun/PhotonGeyser/SunsteelStrike,54.707275,Psychic,Steel,77,97,157,127,113,109
Nidoking,82,SheerForce,LifeOrb,EarthPower/IceBeam/SludgeWave/Substitute/Superpower,49.71781,Poison,Ground,85,81,102,77,85,75
Nidoqueen,84,SheerForce,LifeOrb,EarthPower/IceBeam/SludgeWave/StealthRock/ToxicSpikes,50.986057,Poison,Ground,76,90,92,87,75,85
Nihilego,79,BeastBoost,BlackSludge/ChoiceScarf/ChoiceSpecs,GrassKnot/PowerGem/SludgeWave/StealthRock/Thunderbolt/ToxicSpikes,50.413544,Rock,Poison,103,109,53,47,127,131
Ninetales,82,Drought,HeavyDutyBoots/Leftovers/LifeOrb,FireBlast/NastyPlot/ScorchingSands/SolarBeam/WillOWisp,50.222015,Fire,,100,73,76,75,81,100
NinetalesAlola,79,SnowWarning,HeavyDutyBoots/LifeOrb/LightClay,AuroraVeil/Blizzard/FreezeDry/Moonblast/NastyPlot,50.526176,Ice,Fairy,109,73,67,75,81,100
Ninjask,86,SpeedBoost,Acrobatics/LeechLife/SwordsDance/Uturn,,51.594532,Bug,Flying,160,61,90,45,50,50
Noctowl,88,TintedLens,HeavyDutyBoots/Leftovers,Defog/HeatWave/Hurricane/NastyPlot/Roost,50.526314,Normal,Flying,70,100,50,50,86,96
Noivern,82,Infiltrator,ChoiceSpecs/HeavyDutyBoots/LifeOrb,Defog/DracoMeteor/Flamethrower/Hurricane/Roost/Switcheroo,49.66031,Flying,Dragon,123,85,70,80,97,80
Obstagoon,80,Guts,FlameOrb,BulkUp/CloseCombat/Facade/KnockOff/PartingShot,51.197018,Dark,Normal,95,93,90,101,60,81
Octillery,86,Moody,ChoiceSpecs/Leftovers/LifeOrb,EnergyBall/FireBlast/GunkShot/HydroPump/IceBeam/Protect,51.771374,Water,,45,75,105,75,105,75
Omastar,82,SwiftSwim,Leftovers/LifeOrb/WhiteHerb,EarthPower/HydroPump/IceBeam/ShellSmash/Spikes/StealthRock,49.14237,Rock,Water,55,70,60,125,115,70
Oranguru,86,InnerFocus,Leftovers,FocusBlast/NastyPlot/Psychic/Thunderbolt/TrickRoom,47.323544,Normal,Psychic,60,90,60,80,90,110
Orbeetle,86,Frisk,HeavyDutyBoots/Leftovers,BodyPress/BugBuzz/CalmMind/Psychic/Recover/StickyWeb/Uturn,49.106934,Bug,Psychic,90,60,45,110,80,120
Palkia,74,Pressure,ChoiceScarf/ChoiceSpecs/LustrousOrb,DracoMeteor/FireBlast/HydroPump/SpacialRend/ThunderWave,50.57333,Water,Dragon,100,90,120,100,150,120
Palossand,86,SandVeil/WaterCompaction,Leftovers,EarthPower/ScorchingSands/ShadowBall/ShoreUp/StealthRock/Toxic,49.977596,Ghost,Ground,35,85,75,110,100,75
Pangoro,84,Scrappy,ChoiceBand,CloseCombat/GunkShot/IcePunch/KnockOff/PartingShot,49.11589,Fighting,Dark,58,95,124,78,69,71
Passimian,82,Defiant,ChoiceBand/ChoiceScarf,CloseCombat/Earthquake/GunkShot/KnockOff/RockSlide/Uturn,50.88287,Fighting,,80,100,120,90,40,60
Pelipper,86,Drizzle,ChoiceSpecs/HeavyDutyBoots,Defog/Hurricane/HydroPump/Roost/Scald/Uturn,48.523663,Water,Flying,65,60,50,100,95,70
Perrserker,86,SteelySpirit/ToughClaws,ChoiceBand/LifeOrb,CloseCombat/Crunch/FakeOut/IronHead/Uturn,48.06542,Steel,,50,70,110,100,50,60
Persian,88,Limber/Technician,ChoiceBand/LifeOrb,DoubleEdge/FakeOut/KnockOff/PlayRough/Uturn,48.578312,Normal,,115,65,70,60,65,65
PersianAlola,82,FurCoat,FocusSash/Leftovers,DarkPulse/Hypnosis/NastyPlot/Thunderbolt,52.10918,Dark,,115,65,60,60,75,65
Pheromosa,75,BeastBoost,ChoiceBand/ExpertBelt/FocusSash/LifeOrb,CloseCombat/IceBeam/PoisonJab/ThroatChop/Uturn,52.997993,Bug,Fighting,151,71,137,37,137,37
Pikachu,92,LightningRod,LightBall,IronTail/KnockOff/Surf/VoltSwitch/VoltTackle,49.041096,Electric,,90,35,55,40,50,50
Pincurchin,88,ElectricSurge,ShucaBerry,RisingVoltage/Scald/Spikes/SuckerPunch/ToxicSpikes,48.25359,Electric,,15,48,101,95,91,85
Pinsir,84,MoldBreaker/Moxie,ChoiceBand/ChoiceScarf/FocusSash/HeavyDutyBoots/LifeOrb,CloseCombat/Earthquake/KnockOff/StealthRock/StoneEdge/XScissor,50.91753,Bug,,85,65,125,100,55,70
Politoed,86,Drizzle,ChestoBerry/Leftovers,Encore/IceBeam/Protect/Rest/Scald/Toxic,50.94063,Water,,70,90,75,75,90,100
Poliwrath,84,SwiftSwim,LifeOrb,CloseCombat/DarkestLariat/Liquidation/RainDance,49.77213,Water,Fighting,70,90,95,95,70,90
Polteageist,78,CursedBody,WhiteHerb,GigaDrain/ShadowBall/ShellSmash/StoredPower/StrengthSap,51.436337,Ghost,,70,60,65,65,134,114
PorygonZ,80,Adaptability/Download,ChoiceScarf/ChoiceSpecs/LifeOrb,DarkPulse/IceBeam/NastyPlot/Thunderbolt/TriAttack/Trick,50.205643,Normal,,90,85,80,70,135,75
Porygon2,82,Download/Trace,Eviolite,Discharge/IceBeam/Recover/Toxic/TriAttack,50.530266,Normal,,60,85,80,90,105,95
Primarina,82,Torrent,ChoiceScarf/ChoiceSpecs,EnergyBall/HydroPump/Moonblast/Psychic/SparklingAria,50.49464,Water,Fairy,60,80,74,74,126,116
Pyukumuku,84,Unaware,Leftovers,Counter/MirrorCoat/Recover/Toxic,52.215034,Water,,5,55,60,130,30,130
Quagsire,84,Unaware,Leftovers,Earthquake/IceBeam/Recover/Scald/Toxic,51.469975,Water,Ground,35,95,85,85,65,65
Qwilfish,84,Intimidate,BlackSludge/FocusSash,DestinyBond/Spikes/Taunt/ThunderWave/ToxicSpikes/Waterfall,49.85856,Water,Poison,85,65,95,85,55,55
Raichu,86,LightningRod,ChoiceSpecs/FocusSash/LifeOrb,FocusBlast/GrassKnot/NastyPlot/Surf/Thunderbolt/VoltSwitch,49.825947,Electric,,110,60,90,55,90,80
RaichuAlola,84,SurgeSurfer,ChoiceSpecs/FocusSash/LifeOrb,FocusBlast/GrassKnot/NastyPlot/Psyshock/Thunderbolt/VoltSwitch,49.461235,Electric,Psychic,110,60,85,50,95,85
Raikou,80,Pressure,ChoiceSpecs/Leftovers/LifeOrb,AuraSphere/CalmMind/Scald/Substitute/Thunderbolt/VoltSwitch,51.709515,Electric,,115,90,85,75,115,100
Rapidash,84,FlashFire,HeavyDutyBoots/Leftovers/LifeOrb,FlareBlitz/HighHorsepower/MorningSun/SwordsDance/WildCharge/WillOWisp,50.39315,Fire,,105,65,100,70,80,80
RapidashGalar,84,PastelVeil,Leftovers/LifeOrb,HighHorsepower/MorningSun/PlayRough/SwordsDance/ZenHeadbutt,50.459583,Psychic,Fairy,105,65,100,70,80,80
Rayquaza,74,AirLock,AssaultVest/ChoiceBand/HeavyDutyBoots/LumBerry,DracoMeteor/DragonAscent/DragonDance/Earthquake/ExtremeSpeed/SwordsDance/Vcreate,50.285034,Dragon,Flying,95,105,150,90,150,90
Regice,84,ClearBody,ChestoBerry/Leftovers/WeaknessPolicy,FocusBlast/IceBeam/Rest/RockPolish/SleepTalk/Thunderbolt,50.09588,Ice,,50,80,50,100,100,200
Regidrago,78,DragonsMaw,AssaultVest/LumBerry,DracoMeteor/DragonDance/FireFang/HammerArm/Outrage,50.950348,Dragon,,80,200,100,50,100,50
Regieleki,78,Transistor,Magnet,Explosion/Substitute/Thunderbolt/VoltSwitch,51.42782,Electric,,200,80,100,50,100,50
Regigigas,82,SlowStart,Leftovers,BodySlam/Protect/Substitute/Toxic,50.244976,Normal,,100,110,160,110,80,110
Regirock,85,Sturdy,ChestoBerry/ChoiceBand/Leftovers,BodyPress/Curse/Earthquake/Explosion/Rest/RockSlide/StoneEdge,48.322754,Rock,,50,80,100,200,50,100
Registeel,83,ClearBody,ChestoBerry/Leftovers,BodyPress/Curse/IronHead/Protect/Rest/SleepTalk/StealthRock/Toxic,48.404797,Steel,,50,80,75,150,75,150
Relicanth,86,RockHead,ChoiceBand/Leftovers,BodyPress/Earthquake/HeadSmash/Liquidation/StealthRock/Yawn,51.003647,Water,Rock,55,100,90,130,45,65
Reshiram,74,Turboblaze,AssaultVest/HeavyDutyBoots/Leftovers,BlueFlare/Defog/DracoMeteor/EarthPower/Roost/StoneEdge/Toxic,51.01586,Dragon,Fire,90,100,120,100,150,120
Reuniclus,84,MagicGuard,LifeOrb,CalmMind/FocusBlast/Psychic/Recover/ShadowBall/TrickRoom,48.66235,Psychic,,30,110,65,75,125,85
Rhydon,87,LightningRod/Reckless/RockHead,Eviolite,Earthquake/Megahorn/StealthRock/StoneEdge/Toxic,51.096844,Ground,Rock,40,105,130,120,45,45
Rhyperior,82,SolidRock,ChoiceBand/WeaknessPolicy,Earthquake/FirePunch/Megahorn/RockPolish/StoneEdge,51.428215,Ground,Rock,40,115,140,130,55,55
Ribombee,82,ShieldDust/SweetVeil,FocusSash/HeavyDutyBoots/Leftovers,Moonblast/Psychic/StickyWeb/StunSpore/Uturn,51.057995,Bug,Fairy,124,60,55,60,95,70
Rillaboom,78,GrassySurge,ChoiceBand/GrassySeed/LifeOrb,Acrobatics/GrassyGlide/HighHorsepower/KnockOff/SwordsDance/Uturn/WoodHammer,51.766895,Grass,,85,100,125,90,60,70
Roserade,84,NaturalCure,BlackSludge/FocusSash,LeafStorm/SleepPowder/SludgeBomb/Spikes/Synthesis/ToxicSpikes,50.865276,Grass,Poison,90,60,70,65,125,105
Rotom,84,Levitate,FocusSash/Leftovers/LifeOrb,NastyPlot/ShadowBall/Thunderbolt/VoltSwitch/WillOWisp,50.179535,Electric,Ghost,91,50,50,77,95,77
RotomFan,84,Levitate,HeavyDutyBoots/Leftovers,AirSlash/NastyPlot/Thunderbolt/VoltSwitch/WillOWisp,54.336613,Electric,Flying,86,50,65,107,105,107
RotomFrost,84,Levitate,HeavyDutyBoots/Leftovers,Blizzard/NastyPlot/Thunderbolt/VoltSwitch/WillOWisp,48.726418,Electric,Ice,86,50,65,107,105,107
RotomHeat,82,Levitate,HeavyDutyBoots/Leftovers,Defog/NastyPlot/Overheat/Thunderbolt/VoltSwitch/WillOWisp,49.077976,Electric,Fire,86,50,65,107,105,107
RotomMow,86,Levitate,ChoiceScarf/Leftovers,LeafStorm/NastyPlot/Thunderbolt/Trick/VoltSwitch/WillOWisp,52.22734,Electric,Grass,86,50,65,107,105,107
RotomWash,82,Levitate,ChoiceScarf/Leftovers,HydroPump/Thunderbolt/Trick/VoltSwitch/WillOWisp,51.395546,Electric,Water,86,50,65,107,105,107
Runerigus,84,WanderingSpirit,Leftovers,Earthquake/Haze/Poltergeist/StealthRock/ToxicSpikes/WillOWisp,49.00601,Ground,Ghost,30,58,95,145,50,105
Sableye,88,Prankster,Leftovers,KnockOff/Recover/Taunt/Toxic/WillOWisp,49.146755,Dark,Ghost,50,50,75,75,65,65
Salamence,76,Moxie,HeavyDutyBoots/LifeOrb/LumBerry,DragonDance/DualWingbeat/Earthquake/Outrage/Roost,51.286327,Dragon,Flying,100,95,135,80,110,80
Salazzle,82,Corrosion,BlackSludge,Flamethrower/Protect/Substitute/Toxic,50.67518,Poison,Fire,117,68,64,60,111,60
Sandaconda,84,ShedSkin,Leftovers,Coil/Earthquake/Glare/Rest/StealthRock/StoneEdge,50.329582,Ground,,71,72,107,125,65,70
Sandslash,86,SandRush,AssaultVest/FocusSash/Leftovers/LifeOrb,Earthquake/KnockOff/RapidSpin/Spikes/StealthRock/StoneEdge/SwordsDance/Toxic,49.10726,Ground,,65,75,100,110,45,55
SandslashAlola,86,SlushRush,AssaultVest/ChoiceBand/ChoiceScarf/LifeOrb/LumBerry,Earthquake/IronHead/KnockOff/RapidSpin/SwordsDance/TripleAxel,48.68042,Ice,Steel,65,75,100,120,25,65
Sawk,86,MoldBreaker/Sturdy,ChoiceBand/ChoiceScarf/LifeOrb,BulkUp/CloseCombat/KnockOff/PoisonJab/StoneEdge,51.981133,Fighting,,85,75,125,75,30,75
Sceptile,86,Overgrow,Leftovers/LifeOrb,Earthquake/FocusBlast/GigaDrain/LeafStorm/LeechSeed/RockSlide/Substitute,50.365894,Grass,,120,70,85,65,105,85
Scizor,80,Technician,ChoiceBand/Leftovers/LifeOrb,BulletPunch/DualWingbeat/KnockOff/Roost/Superpower/SwordsDance/Uturn,50.66773,Bug,Steel,65,70,130,100,55,80
Scolipede,80,SpeedBoost,BlackSludge/FocusSash/HeavyDutyBoots/LifeOrb,Earthquake/Megahorn/PoisonJab/Protect/Spikes/SwordsDance/ToxicSpikes,48.74028,Bug,Poison,112,60,100,89,55,69
Scrafty,82,Intimidate/Moxie,ChoiceBand/LumBerry,CloseCombat/DragonDance/IcePunch/KnockOff/PoisonJab,50.246883,Dark,Fighting,58,65,90,115,45,115
Scyther,81,Technician,ChoiceBand/Eviolite/HeavyDutyBoots,BrickBreak/DualWingbeat/KnockOff/Roost/SwordsDance/Uturn,47.859253,Bug,Flying,105,70,110,80,55,80
Seaking,88,LightningRod/SwiftSwim,ChoiceBand/LifeOrb,DrillRun/KnockOff/Megahorn/SwordsDance/Waterfall,50.226013,Water,,68,80,92,65,65,80
Seismitoad,84,SwiftSwim/WaterAbsorb,LifeOrb,Earthquake/Liquidation/RainDance/SludgeBomb/StealthRock,49.659203,Water,Ground,74,105,95,75,85,75
Sharpedo,82,SpeedBoost,LifeOrb,CloseCombat/Crunch/HydroPump/Protect,50.33077,Water,Dark,95,70,120,40,95,40
Shedinja,88,WonderGuard,FocusSash/HeavyDutyBoots,Poltergeist/ShadowSneak/SwordsDance/WillOWisp/XScissor,47.39082,Bug,Ghost,40,1,90,45,30,30
Shiftry,86,Chlorophyll,FocusSash/LifeOrb,DarkPulse/Defog/HeatWave/LeafStorm/NastyPlot/SuckerPunch,47.40657,Grass,Dark,80,90,100,60,90,60
Shiinotic,86,EffectSpore,Leftovers,EnergyBall/LeechSeed/Moonblast/Spore/StrengthSap,48.886826,Grass,Fairy,30,60,45,80,90,100
Shuckle,87,Sturdy,HeavyDutyBoots/MentalHerb,Encore/KnockOff/StealthRock/StickyWeb/Toxic,48.560505,Bug,Rock,5,20,10,230,10,230
Sigilyph,83,MagicGuard/TintedLens,ChoiceSpecs/LifeOrb,AirSlash/Defog/EnergyBall/HeatWave/Psychic,49.43681,Psychic,Flying,97,72,58,80,103,80
Silvally,84,RKSSystem,AssaultVest/ChoiceBand/Leftovers/LifeOrb,Crunch/Explosion/FlameCharge/Flamethrower/MultiAttack/SwordsDance/Uturn,51.724136,Normal,,95,95,95,95,95,95
SilvallyBug,84,RKSSystem,BugMemory,Flamethrower/MultiAttack/PartingShot/PsychicFangs/Thunderbolt,50.955414,Bug,,95,95,95,95,95,95
SilvallyDark,84,RKSSystem,DarkMemory,IronHead/MultiAttack/PartingShot/PsychicFangs/SwordsDance,48.394005,Dark,,95,95,95,95,95,95
SilvallyDragon,84,RKSSystem,DragonMemory,FlameCharge/IronHead/MultiAttack/PartingShot/SwordsDance,53.095688,Dragon,,95,95,95,95,95,95
SilvallyElectric,84,RKSSystem,ElectricMemory,Flamethrower/IceBeam/MultiAttack/PartingShot/Toxic,56.008583,Electric,,95,95,95,95,95,95
SilvallyFairy,84,RKSSystem,FairyMemory,FlameCharge/MultiAttack/PsychicFangs/SwordsDance,53.953487,Fairy,,95,95,95,95,95,95
SilvallyFighting,84,RKSSystem,FightingMemory,Crunch/IronHead/MultiAttack/SwordsDance/Uturn,53.078556,Fighting,,95,95,95,95,95,95
SilvallyFire,84,RKSSystem,FireMemory,Crunch/IronHead/MultiAttack/SwordsDance,51.89621,Fire,,95,95,95,95,95,95
SilvallyFlying,84,RKSSystem,FlyingMemory,FlameCharge/IronHead/MultiAttack/RockSlide/SwordsDance,49.57806,Flying,,95,95,95,95,95,95
SilvallyGhost,84,RKSSystem,GhostMemory,FlameCharge/MultiAttack/PartingShot/SwordsDance/XScissor,52.179325,Ghost,,95,95,95,95,95,95
SilvallyGrass,84,RKSSystem,GrassMemory,Defog/Flamethrower/IceBeam/MultiAttack/PartingShot,51.821865,Grass,,95,95,95,95,95,95
SilvallyGround,84,RKSSystem,GroundMemory,Defog/Flamethrower/IceBeam/MultiAttack/PartingShot/Toxic,49.41452,Ground,,95,95,95,95,95,95
SilvallyIce,84,RKSSystem,IceMemory,FlameCharge/MultiAttack/PsychicFangs/SwordsDance,49.68153,Ice,,95,95,95,95,95,95
SilvallyPoison,84,RKSSystem,PoisonMemory,Defog/Flamethrower/GrassPledge/MultiAttack/PartingShot/Toxic,52.054794,Poison,,95,95,95,95,95,95
SilvallyPsychic,84,RKSSystem,PsychicMemory,Crunch/MultiAttack/SwordsDance/Uturn,50.122852,Psychic,,95,95,95,95,95,95
SilvallyRock,84,RKSSystem,RockMemory,FlameCharge/MultiAttack/PartingShot/PsychicFangs/SwordsDance,49.70179,Rock,,95,95,95,95,95,95
SilvallySteel,84,RKSSystem,SteelMemory,Defog/Flamethrower/MultiAttack/PartingShot/Thunderbolt/Toxic,50,Steel,,95,95,95,95,95,95
SilvallyWater,84,RKSSystem,WaterMemory,Defog/IceBeam/MultiAttack/PartingShot/Thunderbolt/Toxic,49.440716,Water,,95,95,95,95,95,95
Sirfetchd,82,Scrappy,ChoiceBand/LifeOrb,BraveBird/CloseCombat/FirstImpression/KnockOff/SwordsDance,48.747913,Fighting,,65,62,135,95,68,82
Skarmory,80,Sturdy,Leftovers,BodyPress/BraveBird/Roost/Spikes/StealthRock/Whirlwind,50.027287,Steel,Flying,70,65,80,140,40,70
Skuntank,85,Aftermath,BlackSludge/LifeOrb,Crunch/Defog/FireBlast/PoisonJab/SuckerPunch/Taunt/Toxic,51.003384,Poison,Dark,84,103,93,67,71,61
Slowbro,84,Regenerator,Leftovers,FutureSight/IceBeam/Scald/SlackOff/Teleport/ThunderWave,48.652843,Water,Psychic,30,95,75,110,100,80
SlowbroGalar,86,Regenerator,ChoiceSpecs/LifeOrb,Flamethrower/Psychic/ShellSideArm/Trick/TrickRoom,49.641228,Poison,Psychic,30,95,100,95,100,70
Slowking,86,Regenerator,ChoiceSpecs/Leftovers,FireBlast/FutureSight/Psyshock/Scald/SlackOff/Teleport/Toxic/Trick,48.83233,Water,Psychic,30,95,75,80,100,110
SlowkingGalar,84,Regenerator,BlackSludge/ChoiceSpecs,FireBlast/FutureSight/Psyshock/SlackOff/SludgeBomb/Trick,49.594704,Poison,Psychic,30,95,65,80,110,110
Slurpuff,80,Unburden,SitrusBerry,BellyDrum/DrainPunch/Facade/PlayRough,51.20319,Fairy,,72,82,80,86,85,75
Snorlax,82,ThickFat,ChestoBerry/ChoiceBand/Leftovers,BodySlam/Curse/DarkestLariat/DoubleEdge/Earthquake/Facade/HeatCrash/Rest,50.768017,Normal,,30,160,110,65,65,110
Solgaleo,72,FullMetalBody,ChoiceBand/ChoiceScarf/WeaknessPolicy,CloseCombat/FlameCharge/FlareBlitz/KnockOff/PsychicFangs/SunsteelStrike,50.093884,Psychic,Steel,97,137,137,107,113,89
Solrock,88,Levitate,Leftovers/LifeOrb,Earthquake/Explosion/MorningSun/RockSlide/StealthRock/WillOWisp,49.36623,Rock,Psychic,70,90,95,85,55,65
Spectrier,74,GrimNeigh,Leftovers,DarkPulse/NastyPlot/ShadowBall/Substitute,48.719917,Ghost,,130,100,65,60,145,80
Spiritomb,88,Infiltrator,ChoiceBand,FoulPlay/Poltergeist/ShadowSneak/SuckerPunch/Trick,50.443085,Ghost,Dark,35,50,92,108,92,108
Stakataka,80,BeastBoost,AirBalloon/ChoiceBand,BodyPress/Earthquake/GyroBall/StealthRock/StoneEdge/TrickRoom,49.671772,Rock,Steel,13,61,131,211,53,101
Starmie,84,Analytic/NaturalCure,ChoiceSpecs/HeavyDutyBoots/Leftovers/LifeOrb,HydroPump/IceBeam/Psyshock/RapidSpin/Recover/Scald/Thunderbolt,50.594902,Water,Psychic,115,60,75,85,100,85
Steelix,84,RockHead/Sturdy,Leftovers,DragonDance/Earthquake/HeadSmash/HeavySlam/StealthRock/Toxic,49.26576,Steel,Ground,30,75,85,200,55,65
Stonjourner,88,PowerSpot,LifeOrb,Earthquake/HeatCrash/RockPolish/StealthRock/StoneEdge,48.532333,Rock,,70,100,125,135,20,20
Stoutland,86,Intimidate/SandRush/Scrappy,ChoiceBand/ChoiceScarf,Crunch/Facade/PlayRough/Superpower/WildCharge,49.14158,Normal,,80,85,110,90,45,90
Stunfisk,84,Static,AssaultVest/Leftovers,Discharge/EarthPower/FoulPlay/SludgeBomb/StealthRock,49.155216,Ground,Electric,32,109,66,84,81,99
StunfiskGalar,84,Mimicry,Leftovers,Earthquake/PainSplit/StealthRock/StoneEdge/ThunderWave,49.596123,Ground,Steel,32,109,81,99,66,84
Sudowoodo,87,RockHead,ChoiceBand/Leftovers,Earthquake/HeadSmash/StealthRock/SuckerPunch/WoodHammer,46.023354,Rock,,30,70,100,115,30,65
Suicune,80,Pressure,ChestoBerry/Leftovers,AirSlash/CalmMind/IceBeam/Rest/Scald/SleepTalk,51.507576,Water,,85,100,75,115,90,115
Swampert,80,Torrent,AssaultVest/Leftovers,Earthquake/FlipTurn/IceBeam/Protect/Scald/StealthRock/Toxic,48.042458,Water,Ground,60,100,110,90,85,90
Swoobat,86,Simple,FocusSash/HeavyDutyBoots/Leftovers/LifeOrb,AirSlash/CalmMind/HeatWave/Roost/StoredPower,49.3154,Psychic,Flying,114,67,57,55,77,55
Sylveon,84,Pixilate,ChoiceScarf/ChoiceSpecs/Leftovers,CalmMind/HyperVoice/MysticalFire/Protect/Psyshock/ShadowBall/Wish,50.608273,Fairy,,60,95,65,65,110,130
Talonflame,81,FlameBody/GaleWings,HeavyDutyBoots,BraveBird/Defog/FlareBlitz/Roost/SwordsDance/Uturn,48.292557,Fire,Flying,126,78,81,71,74,69
Tangrowth,84,Regenerator,AssaultVest/RockyHelmet,Earthquake/GigaDrain/KnockOff/LeechSeed/SleepPowder/SludgeBomb,50.53807,Grass,,50,100,100,125,110,50
TapuBulu,82,GrassySurge,ChoiceBand/ChoiceScarf/LifeOrb/LumBerry,CloseCombat/HornLeech/Megahorn/StoneEdge/SwordsDance/WoodHammer,49.31052,Grass,Fairy,75,70,130,115,85,95
TapuFini,78,MistySurge,Leftovers,CalmMind/Defog/Moonblast/Surf/Taunt,48.57143,Water,Fairy,85,70,75,115,95,130
TapuKoko,78,ElectricSurge,ChoiceSpecs/Leftovers/LifeOrb,CalmMind/DazzlingGleam/GrassKnot/Substitute/Thunderbolt/VoltSwitch,50.93337,Electric,Fairy,130,70,115,85,95,75
TapuLele,79,PsychicSurge,ChoiceScarf/ChoiceSpecs/LifeOrb,CalmMind/FocusBlast/Moonblast/Psychic/Psyshock/ShadowBall,52.77627,Psychic,Fairy,95,70,85,75,130,115
Tauros,82,SheerForce,LifeOrb,BodySlam/CloseCombat/RockSlide/ThroatChop/ZenHeadbutt,50.852715,Normal,,110,75,100,95,40,70
Tentacruel,84,ClearBody/LiquidOoze,AssaultVest/BlackSludge/LifeOrb,Haze/KnockOff/RapidSpin/Scald/SludgeBomb/ToxicSpikes,50.471825,Water,Poison,100,80,70,65,80,120
Terrakion,78,Justified,ChoiceBand/LifeOrb,CloseCombat/Earthquake/QuickAttack/StoneEdge/SwordsDance,50.898403,Rock,Fighting,108,91,129,90,72,90
Thievul,86,Stakeout,ChoiceSpecs/ExpertBelt/Leftovers/LifeOrb,DarkPulse/FoulPlay/GrassKnot/NastyPlot/PartingShot/Psychic,48.57904,Dark,,90,70,58,58,87,92
Throh,86,Guts,ChestoBerry/FlameOrb/Leftovers,BulkUp/CircleThrow/IcePunch/KnockOff/Rest/SleepTalk/StormThrow,51.217747,Fighting,,45,120,100,85,30,85
Thundurus,80,Defiant/Prankster,HeavyDutyBoots/LifeOrb,GrassKnot/KnockOff/NastyPlot/SludgeWave/Superpower/ThunderWave/Thunderbolt,50.16026,Electric,Flying,111,79,115,70,125,80
ThundurusTherian,80,VoltAbsorb,ChoiceScarf/ChoiceSpecs/HeavyDutyBoots/LifeOrb,FocusBlast/GrassKnot/NastyPlot/Psychic/Thunderbolt/VoltSwitch,51.726936,Electric,Flying,101,79,105,70,145,80
Togedemaru,86,LightningRod/Sturdy,ChoiceBand/FocusSash/Leftovers,IronHead/Nuzzle/SpikyShield/Uturn/Wish/ZingZap,50.828583,Electric,Steel,96,65,98,63,40,73
Togekiss,80,SereneGrace,ChoiceScarf/HeavyDutyBoots/Leftovers,AirSlash/AuraSphere/FireBlast/NastyPlot/Roost/ThunderWave/Trick,50.281006,Fairy,Flying,80,85,50,95,120,115
Torkoal,86,Drought,HeavyDutyBoots/Leftovers,Earthquake/LavaPlume/RapidSpin/SolarBeam/StealthRock,47.583344,Fire,,20,70,85,140,85,70
Tornadus,80,Prankster,HeavyDutyBoots/LifeOrb,Defog/GrassKnot/HeatWave/Hurricane/NastyPlot,49.99427,Flying,,111,79,115,70,125,80
TornadusTherian,78,Regenerator,AssaultVest/HeavyDutyBoots,Defog/Hurricane/KnockOff/Superpower/Uturn,50.27803,Flying,,121,79,100,80,110,90
Toxapex,82,Regenerator,BlackSludge,BanefulBunker/Haze/Recover/Scald/Toxic/ToxicSpikes,50.98328,Poison,Water,35,50,63,152,53,142
Toxicroak,84,DrySkin,BlackSludge/ChoiceBand/ChoiceScarf/LifeOrb,DrainPunch/GunkShot/IcePunch/KnockOff/Substitute/SuckerPunch/SwordsDance,49.579197,Poison,Fighting,85,83,106,65,86,65
Toxtricity,82,PunkRock,ChoiceScarf/ChoiceSpecs/ThroatSpray,Boomburst/Overdrive/ShiftGear/SludgeWave/VoltSwitch,48.742893,Electric,Poison,75,75,98,70,114,70
Trevenant,86,NaturalCure,ChoiceBand/LifeOrb,Earthquake/HornLeech/Poltergeist/RockSlide/TrickRoom/WoodHammer,48.211052,Ghost,Grass,56,85,110,76,65,82
Tsareena,84,QueenlyMajesty,AssaultVest/ChoiceBand/ChoiceScarf/HeavyDutyBoots/Leftovers/LifeOrb,HighJumpKick/KnockOff/PowerWhip/RapidSpin/Synthesis/TripleAxel/Uturn,48.44981,Grass,,72,72,120,98,50,98
Turtonator,84,ShellArmor,HeavyDutyBoots/Leftovers/WhiteHerb,BodyPress/DracoMeteor/Earthquake/FireBlast/RapidSpin/ShellSmash/WillOWisp,49.43336,Fire,Dragon,36,60,78,135,91,85
TypeNull,86,BattleArmor,Eviolite,CrushClaw/Payback/Rest/SleepTalk/SwordsDance,49.7589,Normal,,59,95,95,95,95,95
Tyranitar,78,SandStream,ChoiceBand/ChoiceScarf/Leftovers/LumBerry,Crunch/DragonDance/Earthquake/FirePunch/StealthRock/StoneEdge,50.669468,Rock,Dark,61,100,134,110,95,100
Tyrantrum,82,RockHead,ChoiceBand/ChoiceScarf/LifeOrb,CloseCombat/DragonDance/Earthquake/HeadSmash/Outrage,51.731575,Rock,Dragon,71,82,121,119,69,59
Umbreon,82,Synchronize,Leftovers,FoulPlay/Protect/Toxic/Wish,48.58569,Dark,,65,95,65,110,60,130
Unfezant,84,SuperLuck,ScopeLens,BraveBird/Defog/NightSlash/Roost/Uturn,50.855804,Normal,Flying,93,80,115,80,65,55
Urshifu,76,UnseenFist,ChoiceBand/ChoiceScarf/Leftovers,BulkUp/CloseCombat/DrainPunch/IronHead/Substitute/SuckerPunch/Uturn/WickedBlow,52.244556,Fighting,Dark,97,100,130,100,63,60
UrshifuRapidStrike,78,UnseenFist,ChoiceBand/ChoiceScarf/Leftovers/LifeOrb,BulkUp/CloseCombat/DrainPunch/IcePunch/Substitute/SurgingStrikes/Uturn,51.05012,Fighting,Water,97,100,130,100,63,60
Uxie,82,Levitate,Leftovers,HealBell/KnockOff/Psychic/StealthRock/Uturn/Yawn,51.322113,Psychic,,95,75,75,130,75,130
Vanilluxe,82,SnowWarning,AssaultVest/LightClay,AuroraVeil/Blizzard/Explosion/FlashCannon/FreezeDry,51.006943,Ice,,79,71,95,85,110,95
Vaporeon,84,WaterAbsorb,Leftovers,HealBell/IceBeam/Protect/Scald/Toxic/Wish,49.385334,Water,,65,130,65,60,110,95
Venusaur,82,Chlorophyll/Overgrow,BlackSludge,GigaDrain/LeechSeed/SleepPowder/SludgeBomb/Substitute,49.511566,Grass,Poison,80,80,82,83,100,100
Vespiquen,96,Pressure,HeavyDutyBoots,AirSlash/Defog/Roost/Toxic/Uturn,49.06847,Bug,Flying,40,70,80,102,80,102
Victini,78,VictoryStar,AssaultVest/ChoiceBand/ChoiceScarf/ChoiceSpecs,BlueFlare/BoltStrike/EnergyBall/Glaciate/Uturn/Vcreate/ZenHeadbutt,49.880478,Psychic,Fire,100,100,100,100,100,100
Vikavolt,82,Levitate,ChoiceSpecs/FocusSash/HeavyDutyBoots/Leftovers,BugBuzz/EnergyBall/Roost/StickyWeb/Thunderbolt/VoltSwitch,51.25708,Bug,Electric,43,77,70,90,145,75
Vileplume,84,Chlorophyll/EffectSpore,BlackSludge,Aromatherapy/GigaDrain/SleepPowder/SludgeBomb/StrengthSap,49.51781,Grass,Poison,50,75,80,85,110,90
Virizion,82,Justified,LumBerry,CloseCombat/LeafBlade/StoneEdge/SwordsDance,51.50599,Grass,Fighting,108,91,90,72,90,129
Volcanion,80,WaterAbsorb,ChoiceScarf/ChoiceSpecs/HeavyDutyBoots,Defog/EarthPower/Flamethrower/SludgeBomb/SteamEruption,50.459705,Fire,Water,70,80,110,120,130,90
Volcarona,76,FlameBody/Swarm,HeavyDutyBoots,BugBuzz/FireBlast/GigaDrain/QuiverDance/Roost,50.78501,Bug,Fire,100,85,60,65,135,105
Wailord,90,WaterVeil,ChoiceSpecs,HydroPump/HyperVoice/IceBeam/WaterSpout,48.524117,Water,,60,170,90,45,90,45
Walrein,86,ThickFat,Leftovers,IceBeam/Protect/Surf/Toxic,50.668205,Ice,Water,65,110,80,90,95,90
Weavile,79,Pickpocket,ChoiceBand/HeavyDutyBoots/LifeOrb,IceShard/KnockOff/LowKick/SwordsDance/TripleAxel,50.664753,Dark,Ice,125,70,120,65,45,85
Weezing,86,Levitate/NeutralizingGas,BlackSludge,FireBlast/PainSplit/SludgeBomb/ToxicSpikes/WillOWisp,48.66974,Poison,,60,65,90,120,85,70
WeezingGalar,86,Levitate/NeutralizingGas,BlackSludge,Defog/FireBlast/PainSplit/SludgeBomb/StrangeSteam/ToxicSpikes/WillOWisp,49.047558,Poison,Psychic,60,65,90,120,85,70
Whimsicott,84,Prankster,Leftovers,Defog/EnergyBall/LeechSeed/Moonblast/StunSpore/Taunt/Uturn,49.08049,Grass,Fairy,116,60,67,85,77,75
Whiscash,86,Oblivious,ChoiceBand/LifeOrb,DragonDance/Earthquake/Liquidation/StoneEdge/ZenHeadbutt,49.185825,Water,Ground,60,110,78,73,76,71
Wigglytuff,90,Competitive/Frisk,Leftovers/LightClay,DazzlingGleam/FireBlast/HealBell/LightScreen/Reflect/StealthRock,47.51553,Normal,Fairy,45,140,70,45,85,50
WishiwashiSchool,84,Schooling,AssaultVest/ChoiceSpecs,Earthquake/HydroPump/IceBeam/Scald/Uturn,49.854057,Water,,30,45,140,130,140,135
Wobbuffet,92,ShadowTag,SitrusBerry,Charm/Counter/Encore/MirrorCoat,47.535385,Psychic,,33,190,33,58,33,58
Xatu,89,MagicBounce,HeavyDutyBoots/Leftovers,HeatWave/Psychic/Roost/Teleport/ThunderWave,48.113716,Psychic,Flying,95,65,75,70,95,70
Xerneas,67,FairyAura,ChoiceScarf/ChoiceSpecs/PowerHerb,FocusBlast/Geomancy/Moonblast/Psyshock/Thunderbolt,51.61628,Fairy,,99,126,131,95,131,98
Xurkitree,76,BeastBoost,BlunderPolicy/ChoiceScarf/ChoiceSpecs,DazzlingGleam/EnergyBall/Hypnosis/Thunderbolt/VoltSwitch,49.308094,Electric,,83,83,89,71,173,71
Yveltal,69,DarkAura,AssaultVest/HeavyDutyBoots/Leftovers/LifeOrb,Defog/HeatWave/KnockOff/OblivionWing/Roost/SuckerPunch/Taunt,50.44808,Dark,Flying,99,126,131,95,131,98
Zacian,68,IntrepidSword,ChoiceBand/LumBerry,CloseCombat/Crunch/PlayRough/PsychicFangs/SwordsDance,52.0664,Fairy,,138,92,130,115,80,115
Zamazenta,73,DauntlessShield,ChoiceBand,CloseCombat/Crunch/PsychicFangs/WildCharge,52.49763,Fighting,,138,92,130,115,80,115
Zapdos,78,Pressure/Static,ChoiceSpecs/HeavyDutyBoots/LifeOrb,Defog/Discharge/HeatWave/Hurricane/Roost/Uturn,50.73687,Electric,Flying,100,90,90,85,125,90
ZapdosGalar,76,Defiant,ChoiceBand/ChoiceScarf/LifeOrb,BraveBird/BulkUp/CloseCombat/ThroatChop/Uturn,51.34626,Fighting,Flying,100,90,125,90,85,90
Zarude,78,LeafGuard,ChoiceBand/ChoiceScarf/Leftovers,BulkUp/CloseCombat/DarkestLariat/JungleHealing/PowerWhip/Uturn,51.39989,Dark,Grass,105,105,120,105,70,95
ZarudeDada,78,LeafGuard,ChoiceBand/ChoiceScarf/Leftovers,BulkUp/CloseCombat/DarkestLariat/JungleHealing/PowerWhip/Uturn,49.962433,Dark,Grass,105,105,120,105,70,95
Zekrom,69,Teravolt,LumBerry,BoltStrike/DragonDance/Outrage/Roost,49.689045,Dragon,Electric,90,100,150,120,120,100
Zeraora,76,VoltAbsorb,AssaultVest/ChoiceBand/LifeOrb,BlazeKick/BulkUp/CloseCombat/GrassKnot/KnockOff/PlasmaFists/PlayRough/VoltSwitch,51.21121,Electric,,143,88,112,75,102,80
Zoroark,0,Illusion,ChoiceScarf/FocusSash/LifeOrb,DarkPulse/Flamethrower/NastyPlot/SludgeBomb/Trick,48.819878,Dark,,105,60,105,60,120,60
Zygarde,70,PowerConstruct,Leftovers,DragonDance/Outrage/Substitute/ThousandArrows,50.560223,Dragon,Ground,95,108,100,121,81,95
Zygarde10,82,AuraBreak,ChoiceBand/FocusSash/LifeOrb,Coil/ExtremeSpeed/IronTail/Outrage/ThousandArrows,50.47063,Dragon,Ground,115,54,100,71,61,85
ZacianCrowned,62,IntrepidSword,RustedSword,BehemothBlade/CloseCombat/Crunch/PlayRough/PsychicFangs/SwordsDance,52.0664,Fairy,Steel,148,92,170,115,80,115
ZamazentaCrowned,71,DauntlessShield,RustedShield,BehemothBash/CloseCombat/Crunch/Howl/PsychicFangs,52.49763,Fighting,Steel,128,92,130,145,80,145